TestId,ESVId,sequence,Kingdom,Phylum,Class,Order,Family,Genus,Species,% match,# species,S043451.1,S043450.1,S043449.1,S043448.1,S043447.1,
UniCOI,ESV_079510,TCTATCAGGCAACCTAGCCCACGCAGGTGCTTCCGTAGACTTAACCATCTTCTCCCTCCACCTGGCAGGTATTTCTTCAATCCTGGGAGCCATCAACTTTATCACTACCATTATTAATATGAAACCCCCTGCCATTTCCCAGTATCAAACCCCTCTTTTCGTATGGGCTGTTCTTATTACTGCCGTACTTCTCCTTCTGTCCCTCCCAGTCTTAGCTGCTGGCATCACAATACTTCTAACTGATCGAAACCTAAACACTACATTCTTTGACCCTGCGGGAGGAGGTGACCCAATCCTTTATCAACACCTGTTC,Eukaryota,Chordata,Actinopteri,unk_order,Pomacentridae,Chromis,Chromis multilineata,99.7,1,0,0,0,7820,9698
UniCOI,ESV_079511,CTTAGCGGGCAATCTTGCCCATGCCGGGGCATCTGTCGACCTAACAATTTTCTCCTTGCACTTAGCAGGCATTTCATCAATCCTGGGGGCAATCAATTTTATTACAACAATTATTAATATAAAACCCCCAGCTATCTCCCAGTACCAAACTCCACTGTTTGTATGAGCTGTCTTAATTACGGCAGTTCTTTTACTTCTTTCGCTCCCAGTCCTTGCCGCCGGTATTACAATACTGCTTACTGATCGAAACCTCAACACCACCTTCTTTGACCCAGCGGGGGGAGGAGACCCAATTCTTTACCAACACCTCTTC,Eukaryota,Chordata,Actinopteri,Perciformes,Scorpaenidae,Pterois,Pterois volitans,100,1,189,1977,0,590,626
UniCOI,ESV_079537,CTTAGCAGGCAACCTAGCCCATGCAGGAGCATCCGTGGACCTGACCATTTTTTCCCTTCATCTAGCTGGCATCTCCTCAATCCTGGGGGCAATTAACTTTATTACTACTATTTTGAATATGAAGCCTCCCGCCACTTCCCAATACCAGACACCTCTCTTTGTTTGGGCTGTTCTAATTACGGCAGTTCTTCTTCTTCTATCCCTCCCTGTACTTGCTGCGGGCATTACTATGCTACTTACCGACCGAAATCTAAACACAACCTTCTTCGACCCCGCAGGTGGGGGGGACCCCATCTTATACCAACACCTGTTT,Eukaryota,Chordata,Actinopteri,Gobiiformes,Gobiidae,Coryphopterus,Coryphopterus hyalinus,100,1,1897,0,0,0,0
UniCOI,ESV_079523,TCTATCAGGCAACCTAGCCCACGCAGGTGCTTCCGTAGACTTAACCATCTTCTCCCTCCACCTGGCAGGTATTTCTTCAATCCTGGGAGCCATCAACTTTATCACTACCATTATTAATATGAAACCCCCTGCCATTTCCCAGTATCAAACCCCTCTTTTCGTATGGGCTGTTCTTATTACTGCCGTACTTCTCCTTCTATCCCTCCCAGTCTTAGCTGCTGGCATCACAATACTTCTAACTGATCGAAACCTAAACACCACATTCTTTGACCCTGCGGGAGGAGGTGACCCGATCCTTTATCAACACCTGTTC,Eukaryota,Chordata,Actinopteri,unk_order,Pomacentridae,Chromis,Chromis multilineata,99.4,1,0,0,1857,0,0
UniCOI,ESV_079524,CTTAGCGGGCAATCTTGCCCATGCCGGGGCATCTGTCGACCTAACAATTTTCTCCTTGCACTTAGCAGGCATTTCATCAATCCTGGGGGCAATCAATTTTATTACAACAATTATTAATATAAAACCCCCAGCTATCTCCCAGTACCAAACTCCACTGTTTGTGTGAGCTGTCTTAATTACGGCAGTTCTTTTACTTCTTTCGCTCCCAGTCCTTGCCGCCGGTATTACAATACTGCTTACTGATCGAAACCTCAACACCACCTTCTTTGACCCAGCGGGGGGAGGAGACCCAATTCTTTACCAACACCTCTTC,Eukaryota,Chordata,Actinopteri,Perciformes,Scorpaenidae,Pterois,Pterois volitans,100,1,0,0,1812,0,0
UniCOI,ESV_079399,TGGCTGGAAACCTAGCCCACGCAGGCGCGTCTGTTGACTTAACAATTTTCTCCCTTCACCTTGCAGGTGTTTCTTCGATTCTTGGTGCAATTAATTTTATTACCACAATTATTAATATGAAGCCCCCAGCCATCTCTCAGTATCAAACGCCTTTATTTGTTTGAGCAACCCTAATTACAGCTGTCCTGCTTCTTCTTTCCCTTCCTGTTTTAGCTGCTGGCATCACAATGCTTCTCACAGACCGAAACCTTAACACCACTTTCTTCGACCCGGCAGGAGGAGGAGACCCAATCCTATACCAACACCTCTTC,Eukaryota,Chordata,Actinopteri,Perciformes,Scorpaenidae,Pontinus,Pontinus sierra,95.5,1,0,975,0,0,0
UniCOI,ESV_079527,TCTAGCGGGGAACTTGGCACACGCAGGGGCTTCCGTTGATTTAACTATTTTTTCACTCCATCTGGCAGGTGTTTCCTCAATCTTAGGTGCCATTAATTTCATTACAACAATTATTAATATGAAACCCCCAGCCATCTCTCAGTATCAAACACCCCTATTTGTTTGAGCCGTCCTAATTACGGCCGTTCTGCTCCTCCTCTCCCTTCCTGTCCTTGCCGCCGGCATCACCATACTCCTAACAGACCGGAACTTAAACACCACCTTCTTTGACCCATCTGGAGGTGGAGACCCCATTCTCTACCAACACCTCTTC,Eukaryota,Chordata,Actinopteri,Holocentriformes,Holocentridae,Ostichthys,Ostichthys trachypoma,98.7,1,0,528,0,0,0
UniCOI,ESV_079538,TTTGGCTGGTAATCTGGCCCACGCAGGAGCCTCGGTTGACCTAACCATCTTCTCCCTCCACCTCGCGGGTATCTCTTCAATTTTAGGAGCAATTAATTTTATCACAACTATCATTAACATGAAGCCGCCTGCTATCTCCCAATACCAAACCCCTCTCTTTGTCTGAGCAGTCTTAATTACAGCAGTACTGCTCCTACTTTCACTTCCCGTCCTTGCTGCCGGCATTACAATACTTTTAACAGACCGAAACCTGAACACTACCTTCTTTGACCCTGCAGGAGGGGGAGACCCTATTCTGTACCAGCACCTATTC,Eukaryota,Chordata,Actinopteri,Labriformes,Labridae,Clepticus,Clepticus parrae,100,1,253,0,0,0,0
UniCOI,ESV_079539,CTTAGCAGGCAACCTAGCCCATGCAGGAGCATCCGTGGACCTGACCATTTTTTCCCTTCATCTAGCTGGCATCTCCTCAATCCTGGGGGCAATTAACTTTATTACTACTATTTTGAATATGAAGCCTCCCGCCACTTCCCAATACCAGACACCTCTCTTTGTTTGGGCTGTTCTAATTACGGCAGTTCTTCTTCTTCTATCCCTCCCTGTACTTGCTGCGGGCATTACTATGCTACTTACCGACCGAAATCTAAACACAACCTTCTTCGACCCCGCAGGCGGGGGGGACCCCATCTTATACCAACACCTGTTT,Eukaryota,Chordata,Actinopteri,Gobiiformes,Gobiidae,Coryphopterus,Coryphopterus hyalinus,99.7,1,244,0,0,0,0
UniCOI,ESV_079528,TTTATCTGGGGTGATCGCACACGCTGGACCAGCTGTAGATCTTGGTATTTTTTCTTTGCATTTAGCGGGGGTTTCTTCTATTTTAGGGGCAGTTAATTTTATTACTACTGTTATAAATATACGACCTGAGCGAATAACTATAGATCGTATGCCGTTATTTGTTTGGTCTGTTTTTTTGACTGCAATTTTACTTTTATTATCATTACCTGTTTTAGCGGGGGCAATTACTATACTTTTAACGGATCGAAATCTTAACACTTCCTTTTTTGACCCAGCAGGGGGAGGAGACCCTATTCTCTATCAACATTTATTT,Eukaryota,Arthropoda,Malacostraca,Decapoda,Palaemonidae,Vir,,86.6,2,0,230,0,0,0
UniCOI,ESV_079512,TCTATCAGGCAACCTAGCCCACGCAGGTGCTTCCGTAGACTTAACCATCTTCTCCCTCCACCTGGCAGGTATTTCTTCAATCCTGGGAGCCATCAACTTTATCACTACCATTATTAATATAAAACCCCCAGCTATCTCCCAGTACCAAACTCCACTGTTTGTATGAGCTGTCTTAATTACGGCAGTTCTTTTACTTCTTTCGCTCCCAGTCCTTGCCGCCGGTATTACAATACTGCTTACTGATCGAAACCTCAACACCACCTTCTTTGACCCAGCGGGGGGAGGAGACCCAATTCTTTACCAACACCTCTTC,Eukaryota,Chordata,Actinopteri,Perciformes,Scorpaenidae,Pterois,Pterois volitans,91.7,1,0,0,0,88,121
UniCOI,ESV_079540,CTTAGCAGGCAACCTAGCCCATGCAGGAGCATCCGTGGACCTAACCATTTTTTCCCTTCATCTAGCTGGCATCTCCTCAATCCTGGGGGCAATTAACTTTATTACTACTATTTTGAATATGAAGCCTCCCGCCACTTCCCAATACCAGACACCTCTCTTTGTTTGGGCTGTTCTAATTACGGCAGTTCTTCTTCTTCTATCCCTCCCTGTACTTGCTGCGGGCATTACTATGCTACTTACCGACCGAAATCTAAACACAACCTTCTTCGACCCCGCAGGTGGGGGGGACCCCATCTTATACCAACACCTGTTT,Eukaryota,Chordata,Actinopteri,Gobiiformes,Gobiidae,Coryphopterus,Coryphopterus hyalinus,99.7,1,168,0,0,0,0
UniCOI,ESV_079541,CTTAGCAGGCAACCTAGCCCATGCAGGAGCATCCGTGGACCTGACCATTTTTTCCCTTCATCTAGCTGGCATCTCCTCAATCCTGGGGGCAATTAACTTTATTACTACTATTTTGAATATGAAACCTCCCGCCACTTCCCAATACCAGACACCTCTCTTTGTTTGGGCTGTTCTAATTACGGCAGTTCTTCTTCTTCTATCCCTCCCTGTACTTGCTGCGGGCATTACTATGCTACTTACCGACCGAAATCTAAACACAACCTTCTTCGACCCCGCAGGTGGGGGGGACCCCATCTTATACCAACACCTGTTT,Eukaryota,Chordata,Actinopteri,Gobiiformes,Gobiidae,Coryphopterus,Coryphopterus hyalinus,99.7,1,119,0,0,0,0
UniCOI,ESV_079513,TTTATCAGGCAACCTAGCCCATGCAGGTGCCTCCGTAGACTTAACCATCTTTTCCCTCCACCTAGCAGGAATTTCTTCAATCCTAGGGGCTATCAACTTTATCACTACCATCATCAATATGAAACCCCCTGCTATTTCCCAGTATCAGACCCCCCTTTTCGTATGGGCTGTTCTTATTACCGCTGTACTTCTCATTCTATCCCTCCTAGTCTTAGCTGCTGGCATTACAATACTTCTAACTGATCGAAACCTAAACACTACATTCTTTGATCCCGCAGGAGGGGGTGATCCAATCAACACCTGTTC,Eukaryota,Chordata,Actinopteri,unk_order,Pomacentridae,Chromis,Chromis multilineata,90.4,1,0,0,14,37,34
UniCOI,ESV_079542,CTTAGCAGGCAACCTAGCCCATGCAGGAGCATCCGTGGACCTGACCATTTTTTCCCTTCATCTAGCTGGCATCTCCTCAATCCTGGGGGCAATTAACTTTATTACTACTATTTTGAATATGAAGCCTCCCGCCACTTCCCAATACCAGACACCTCTCTTTGTTTGGGCTGTTCTAATTACGGCAGTTCTTCTTCTTCTATCCCTCCCTGTACTTGCTGCGGGCATTACTATGCTACTTACCGACCGAAATCTAAACACAACCTTCTTCGACCCCGCAGGCGGGGGGGACCCCATCTTATACCAACACCTGTTC,Eukaryota,Chordata,Actinopteri,Gobiiformes,Gobiidae,Coryphopterus,Coryphopterus hyalinus,99.4,1,65,0,0,0,0
UniCOI,ESV_079529,TCTAGCGGGGAACTTGGCACACGCAGGGGCTTCCGTTGATTTAACTATTTTTTCACTCCATCTGGCAGGTGTTTCCTCAATCTTAGGTGCCATTAATTTCATTACAACAATTATTAATATGAAACCCCCAGCCATCTCTCAGTATCAAACACCCCTATTTGTTTGAGCCGTCCTAATTACGGCCGTTCTGCTCCTCCTCTCCCTTCCTGTCCTTGCCGCCGGCATTACCATACTCCTAACAGACCGGAACTTAAACACCACCTTCTTTGACCCATCTGGAGGTGGAGACCCCATTCTCTACCAACACCTCTTC,Eukaryota,Chordata,Actinopteri,Holocentriformes,Holocentridae,Ostichthys,Ostichthys trachypoma,98.4,1,0,50,0,0,0
UniCOI,ESV_079525,TCTATCAGGCAACCTAGCCCACGCAGGTGCTTCCGTAGACTTAACCATCTTCTCCCTCCACCTGGCAGGTATTTCTTCAATCCTGGGAGCCATCAACTTTATCACTACCATTATTAATATGAAACCCCCTGCCATTTCCCAGTATCAAACCCCTCTTTTCGTATGGGCTGTTCTTATTACTGCCGTACTTCTCCTTCTATCCCTCCCAGTCTTAGCTGCTGGCATCACAATACTTCTAACTGATCGAAACCTAAACACCACATTCTTTGACCCTGCGGGAGGAGGTGACCCGATCCTTTATCAACACCTCTTC,Eukaryota,Chordata,Actinopteri,unk_order,Pomacentridae,Chromis,Chromis multilineata,99,1,0,0,48,0,0
UniCOI,ESV_079530,TTTATCTGGGGTGATCGCACACGCTGGACCAGCTGTAGATCTTGGTATTTTTTCTTTGCATTTAGCGGGGGTTTCTTCTATTTTAGGGGCAGTTAATTTTATTACTACTGTTATAAATATACGACCTGAGCGAATAACTATAGATCGTATGCCGTTATTTGTTTGGTCTGTTTTTTTGACTGCAATTTTACTTTTATTGTCATTACCTGTTTTAGCGGGGGCAATTACTATACTTTTAACGGATCGAAATCTTAACACTTCCTTTTTTGACCCAGCAGGGGGAGGAGACCCTATTCTCTATCAACATTTATTT,Eukaryota,Arthropoda,Malacostraca,Decapoda,Palaemonidae,Vir,,86.3,3,0,47,0,0,0
UniCOI,ESV_079514,TCTATCAGGCAACCTAGCCCACGCAGGTGCTTCCGTAGACTTAACCATCTTCTCCCTCCACCTGGCAGGTATTTCTTCAATCCTGGGAGCCATCAACTTTATCACTACCATTATTAATATGAAACCCCCTGCCATTTCCCAGTATCAAACCCCTCTTTTCGTATGGGCTGTTCTTATTACTGCCGTACTTCTCCTTCTGTCCCTCCCAGTCTTAGCTGCTGGCATCACAATACTTCTAACTGATCGAAACCTAAACACTACATTCTTTGATCCCGCAGGAGGGGGTGATCCAATCAACACCTGTTC,Eukaryota,Chordata,Actinopteri,unk_order,Pomacentridae,Chromis,Chromis multilineata,95.8,1,0,0,0,22,22
UniCOI,ESV_079531,CCTGGCTGGAAACCTAGCCCACGCAGGCGCGTCTGTTGACTTAACAATTTTCTCCCTTCACCTTGCAGGTGTTTCTTCGATTCTTGGTGCAATTAATTTTATTACCACAATTATTAATATGAAACCCCCAGCCATCTCTCAGTATCAAACACCCCTATTTGTTTGAGCCGTCCTAATTACGGCCGTTCTGCTCCTCCTCTCCCTTCCTGTCCTTGCCGCCGGCATCACCATACTCCTAACAGACCGGAACTTAAACACCACCTTCTTTGACCCATCTGGAGGTGGAGACCCCATTCTCTACCAACACCTCTTC,Eukaryota,Chordata,Actinopteri,,,,,90.7,2,0,40,0,0,0
UniCOI,ESV_079532,TCTAGCGGGGAACTTGGCACACGCAGGGGCTTCCGTTGATTTAACTATTTTTTCACTCCATCTGGCAGGTGTTTCCTCAATCTTAGGTGCCATTAATTTCATTACAACAATTATTAATATAAAACCCCCAGCTATCTCCCAGTACCAAACTCCACTGTTTGTATGAGCTGTCTTAATTACGGCAGTTCTTTTACTTCTTTCGCTCCCAGTCCTTGCCGCCGGTATTACAATACTGCTTACTGATCGAAACCTCAACACCACCTTCTTTGACCCAGCGGGGGGAGGAGACCCAATTCTTTACCAACACCTCTTC,Eukaryota,Chordata,Actinopteri,Perciformes,Scorpaenidae,Pterois,,90.4,3,0,36,0,0,0
UniCOI,ESV_079533,CTTAGCGGGCAATCTTGCCCATGCCGGGGCATCTGTCGACCTAACAATTTTCTCCTTGCACTTAGCAGGCATTTCATCAATCCTGGGGGCAATCAATTTTATTACAACAATTATTAATATGAAACCCCCAGCCATCTCTCAGTATCAAACACCCCTATTTGTTTGAGCCGTCCTAATTACGGCCGTTCTGCTCCTCCTCTCCCTTCCTGTCCTTGCCGCCGGCATCACCATACTCCTAACAGACCGGAACTTAAACACCACCTTCTTTGACCCATCTGGAGGTGGAGACCCCATTCTCTACCAACACCTCTTC,Eukaryota,Chordata,Actinopteri,Perciformes,Scorpaenidae,Pterois,,89.1,5,0,35,0,0,0
UniCOI,ESV_079515,TTTATCAGGCAACCTAGCCCATGCAGGTGCCTCCGTAGACTTAACCATCTTTTCCCTCCACCTAGCAGGAATTTCTTCAATCCTAGGGGCTATCAACTTTATCACTACCATCATCAATATGAAACCCCCTGCTATTTCCCAGTATCAGACCCCCCTTTTCGTATGGGCTGTTCTTATTACCGCTGTACTTCTCATTCTATCCCTCCTAGTCTTAGCTGCTGGCATTACAATACTTCTAACTGATCGAAACCTAAACACTACATTCTTTGACCCTGCGGGAGGAGGTGACCCAATCCTTTATCAACACCTGTTC,Eukaryota,Chordata,Actinopteri,unk_order,Pomacentridae,Chromis,Chromis multilineata,94.2,1,0,0,0,16,18
UniCOI,ESV_079516,TCTATCAGGCAACCTAGCCCACGCAGGTGCTTCCGTAGACTTAACCATCTTCTCCCTCCACCTGGCAGGTATTTCTTCAATCCTGGGAGCCATCAACTTTATCACTACCATTATTAATATGAAACCCCCTGCCATTTCCCAGTATCAAACCCCTCTTTTCGTATGGGCTGTTCTTATTACCGCTGTACTTCTCATTCTATCCCTCCTAGTCTTAGCTGCTGGCATTACAATACTTCTAACTGATCGAAACCTAAACACTACATTCTTTGATCCCGCAGGAGGGGGTGATCCAATCAACACCTGTTC,Eukaryota,Chordata,Actinopteri,unk_order,Pomacentridae,Chromis,Chromis multilineata,94.9,1,0,0,0,10,13
UniCOI,ESV_079534,TTTATCTGGGGTGATCGCACACGCTGGGCCAGCTGTAGATCTTGGTATTTTTTCTTTGCATTTAGCGGGGGTTTCTTCTATTTTAGGGGCAGTTAATTTTATTACTACTGTTATAAATATACGACCTGAGCGAATAACTATAGATCGTATGCCGTTATTTGTTTGGTCTGTTTTTTTGACTGCAATTTTACTTTTATTATCATTACCTGTTTTAGCGGGGGCAATTACTATACTTTTAACGGATCGAAATCTTAACACTTCCTTTTTTGACCCAGCAGGGGGAGGAGACCCTATTCTCTATCAACATTTATTT,Eukaryota,Arthropoda,Malacostraca,Decapoda,Palaemonidae,Vir,,86.6,3,0,18,0,0,0
UniCOI,ESV_079543,CTTAGCAGGCAACCTAGCCCATGCAGGAGCATCCGTGGACCTAACCATTTTTTCCCTTCATCTAGCTGGCATCTCCTCAATCCTGGGGGCAATTAACTTTATTACTACTATTTTGAATATGAAGCCTCCCGCCACTTCCCAATACCAGACACCTCTCTTTGTTTGGGCTGTTCTAATTACGGCAGTTCTTCTTCTTCTATCCCTCCCTGTACTTGCTGCGGGCATTACTATGCTACTTACCGACCGAAATCTAAACACAACCTTCTTCGACCCCGCAGGCGGGGGGGACCCCATCTTATACCAACACCTGTTT,Eukaryota,Chordata,Actinopteri,Gobiiformes,Gobiidae,Coryphopterus,Coryphopterus hyalinus,99.4,1,17,0,0,0,0
UniCOI,ESV_079521,TCTATCAGGCAACCTAGCCCACGCAGGTGCTTCCGTAGACTTAACCATCTTCTCCCTCCACCTGGCAGGTATTTCTTCAATCCTGGGAGCCATCAACTTTATCACTACCATTATTAATATGAAACCCCCTGCTATTTCCCAGTATCAGACCCCCCTTTTCGTATGGGCTGTTCTTATTACCGCTGTACTTCTCATTCTATCCCTCCTAGTCTTAGCTGCTGGCATTACAATACTTCTAACTGATCGAAACCTAAACACTACATTCTTTGATCCCGCAGGAGGGGGTGATCCAATCAACACCTGTTC,Eukaryota,Chordata,Actinopteri,unk_order,Pomacentridae,Chromis,Chromis multilineata,93.9,1,0,0,0,8,8
UniCOI,ESV_079526,TCTATCAGGCAACCTAGCCCACGCAGGTGCTTCCGTAGACTTAACCATCTTCTCCCTCCACCTGGCAGGTATTTCTTCAATCCTGGGAGCCATCAACTTTATCACTACCATTATTAATATGAAACCCCCTGCCATTTCCCAGTATCAAACCCCTCTTTTCGTATGGGCTGTTCTTATTACTGCCGTACTTCTCCTTCTATCCCTCCCAGTCTTAGCTGCTGGCATCACAATACTTCTAACTGATCGAAACCTAAACACCACATTCTTTGACCCTGCGGGAGGAGGTGACCCGATCCTTTACCAACACCTCTTC,Eukaryota,Chordata,Actinopteri,unk_order,Pomacentridae,Chromis,Chromis multilineata,98.7,1,0,0,12,0,0
UniCOI,ESV_079518,TTTATCAGGCAACCTAGCCCATGCAGGTGCCTCCGTAGACTTAACCATCTTTTCCCTCCACCTAGCAGGAATTTCTTCAATCCTAGGGGCTATCAACTTTATCACTACCATCATCAATATGAAACCCCCTGCTATTTCCCAGTATCAGACCCCCCTTTTCGTATGGGCTGTTCTTATTACTGCCGTACTTCTCCTTCTGTCCCTCCCAGTCTTAGCTGCTGGCATCACAATACTTCTAACTGATCGAAACCTAAACACTACATTCTTTGACCCTGCGGGAGGAGGTGACCCAATCCTTTATCAACACCTGTTC,Eukaryota,Chordata,Actinopteri,unk_order,Pomacentridae,Chromis,Chromis multilineata,95.5,1,0,0,0,0,11
UniCOI,ESV_079517,CTTAGCGGGCAATCTTGCCCATGCCGGGGCATCTGTCGACCTAACAATTTTCTCCTTGCACTTAGCAGGCATTTCATCAATCCTGGGGGCAATCAATTTTATTACAACAATTATTAATATAAAACCCCCAGCTATCTCCCAGTACCAAACTCCACTGTTTGTATGAGCTGTCTTAATTACGGCAGTTCTTTTACTTCTTTCGCTCCCAGTCCTTGCCGCCGGTATTACAATACTGCTTACTGATCGAAACCTCAACACCACCTTCTTTGACCCAGCGGGGGGAGGAGACCCAATTCTTTATCAACACCTGTTC,Eukaryota,Chordata,Actinopteri,Perciformes,Scorpaenidae,Pterois,,99.4,3,0,0,0,0,11
UniCOI,ESV_079535,TTTATCTGGGGTGATCGCACACGCTGGACCAGCTGTAGATCTTGGTATTTTTTCTTTGCATTTAGCGGGGGTTTCTTCTATTTTAGGGGCAGTTAATTTTATTACTACTGTTATAAATATACGACCTGAGCGAATAACTATAGATCGTATACCGTTATTTGTTTGGTCTGTTTTTTTGACTGCAATTTTACTTTTATTATCATTACCTGTTTTAGCGGGGGCAATTACTATACTTTTAACGGATCGAAATCTTAACACTTCCTTTTTTGACCCAGCAGGGGGAGGAGACCCTATTCTCTATCAACATTTATTT,Eukaryota,Arthropoda,Malacostraca,Decapoda,Palaemonidae,Vir,Vir orientalis,86.9,1,0,10,0,0,0
UniCOI,ESV_079536,TTTATCTGGGGTGATCGCACACGCTGGGCCAGCTGTAGATCTTGGTATTTTTTCTTTGCATTTAGCGGGGGTTTCTTCTATTTTAGGGGCAGTTAATTTTATTACTACTGTTATAAATATACGACCTGAGCGAATAACTATAGATCGTATACCGTTATTTGTTTGGTCTGTTTTTTTGACTGCAATTTTACTTTTATTATCATTACCTGTTTTAGCGGGGGCAATTACTATACTTTTAACGGATCGAAATCTTAACACTTCCTTTTTTGACCCAGCAGGGGGAGGAGACCCTATTCTCTATCAACATTTATTT,Eukaryota,Arthropoda,Malacostraca,Decapoda,Palaemonidae,Vir,Vir orientalis,86.9,1,0,10,0,0,0
UniCOI,ESV_079519,TTAGCGGGCAATCTTGCCCATGCCGGGGCATCTGTCGACCTAACAATTTTCTCCTTGCACTTAGCAGGCATTTCATCAATCCTGGGGGCAATCAATTTTATTACAACAATTATTAATATAAAACCCCCAGCTATCTCCCAGTACCAAACTCCACTGTTTGTATGAGCTGTCTTAATTACGGCAGTTCTTTTACTTCTTTCGCTCCCAGTCCTTGCCGCCGGTATTACAATACTGCTTACTGATCGAAACCTCAACACCACCTTCTTTGACCCAGCGGGGGGAGGAGACCCAATTCTTTACCAACACCTGTTC,Eukaryota,Chordata,Actinopteri,Perciformes,Scorpaenidae,Pterois,,99.7,3,0,0,0,0,10
UniCOI,ESV_079522,TTTATCAGGCAACCTAGCCCATGCAGGTGCCTCCGTAGACTTAACCATCTTTTCCCTCCACCTAGCAGGAATTTCTTCAATCCTAGGGGCTATCAACTTTATCACTACCATCATCAATATGAAACCCCCTGCCATTTCCCAGTATCAAACCCCTCTTTTCGTATGGGCTGTTCTTATTACTGCCGTACTTCTCCTTCTGTCCCTCCCAGTCTTAGCTGCTGGCATCACAATACTTCTAACTGATCGAAACCTAAACACTACATTCTTTGACCCTGCGGGAGGAGGTGACCCAATCCTTTATCAACACCTGTTC,Eukaryota,Chordata,Actinopteri,unk_order,Pomacentridae,Chromis,Chromis multilineata,96.5,1,0,0,0,8,0
UniCOI,ESV_079520,TTTATCAGGCAACCTAGCCCATGCAGGTGCCTCCGTAGACTTAACCATCTTTTCCCTCCACCTAGCAGGAATTTCTTCAATCCTAGGGGCTATCAACTTTATCACTACCATCATCAATATGAAACCCCCTGCTATTTCCCAGTATCAGACCCCCCTTTTCGTATGGGCTGTTCTTATTACCGCTGTACTTCTCATTCTATCCCTCCTAGTCTTAGCTGCTGGCATCACAATACTTCTAACTGATCGAAACCTAAACACTACATTCTTTGACCCTGCGGGAGGAGGTGACCCAATCCTTTATCAACACCTGTTC,Eukaryota,Chordata,Actinopteri,unk_order,Pomacentridae,Chromis,Chromis multilineata,94.6,1,0,0,0,0,8
